,URL_ID,URL,POSITIVE SCORE,NEGATIVE SCORE,POLARITY SCORE,SUBJECTIVITY SCORE,AVG SENTENCE LENGTH,PERCENTAGE OF COMPLEX WORDS,FOG INDEX,AVG NUMBER OF WORDS PER SENTENCE,COMPLEX WORD COUNT,WORD COUNT,SYLLABLE PER WORD,PERSONAL PRONOUNS,AVG WORD LENGTH
0,37,https://insights.blackcoffer.com/ai-in-healthcare-to-improve-patient-outcomes/,,,,,,,,,,,,,
1,38,https://insights.blackcoffer.com/what-if-the-creation-is-taking-over-the-creator/,,,,,,,,,,,,,
2,39,https://insights.blackcoffer.com/what-jobs-will-robots-take-from-humans-in-the-future/,,,,,,,,,,,,,
3,40,https://insights.blackcoffer.com/will-machine-replace-the-human-in-the-future-of-work/,,,,,,,,,,,,,
4,41,https://insights.blackcoffer.com/will-ai-replace-us-or-work-with-us/,,,,,,,,,,,,,
5,42,https://insights.blackcoffer.com/man-and-machines-together-machines-are-more-diligent-than-humans-blackcoffe/,,,,,,,,,,,,,
6,43,https://insights.blackcoffer.com/in-future-or-in-upcoming-years-humans-and-machines-are-going-to-work-together-in-every-field-of-work/,,,,,,,,,,,,,
8,45,https://insights.blackcoffer.com/how-machine-learning-will-affect-your-business/,,,,,,,,,,,,,
9,46,https://insights.blackcoffer.com/deep-learning-impact-on-areas-of-e-learning/,,,,,,,,,,,,,
10,47,https://insights.blackcoffer.com/how-to-protect-future-data-and-its-privacy-blackcoffer/,,,,,,,,,,,,,
11,48,https://insights.blackcoffer.com/how-machines-ai-automations-and-robo-human-are-effective-in-finance-and-banking/,,,,,,,,,,,,,
12,49,https://insights.blackcoffer.com/ai-human-robotics-machine-future-planet-blackcoffer-thinking-jobs-workplace/,,,,,,,,,,,,,
13,50,https://insights.blackcoffer.com/how-ai-will-change-the-world-blackcoffer/,,,,,,,,,,,,,
14,51,https://insights.blackcoffer.com/future-of-work-how-ai-has-entered-the-workplace/,,,,,,,,,,,,,
15,52,https://insights.blackcoffer.com/ai-tool-alexa-google-assistant-finance-banking-tool-future/,,,,,,,,,,,,,
16,53,https://insights.blackcoffer.com/ai-healthcare-revolution-ml-technology-algorithm-google-analytics-industrialrevolution/,,,,,,,,,,,,,
17,54,https://insights.blackcoffer.com/all-you-need-to-know-about-online-marketing/,,,,,,,,,,,,,
18,55,https://insights.blackcoffer.com/evolution-of-advertising-industry/,,,,,,,,,,,,,
19,56,https://insights.blackcoffer.com/how-data-analytics-can-help-your-business-respond-to-the-impact-of-covid-19/,,,,,,,,,,,,,
21,58,https://insights.blackcoffer.com/environmental-impact-of-the-covid-19-pandemic-lesson-for-the-future/,,,,,,,,,,,,,
22,59,https://insights.blackcoffer.com/how-data-analytics-and-ai-are-used-to-halt-the-covid-19-pandemic/,,,,,,,,,,,,,
23,60,https://insights.blackcoffer.com/difference-between-artificial-intelligence-machine-learning-statistics-and-data-mining/,,,,,,,,,,,,,
24,61,https://insights.blackcoffer.com/how-python-became-the-first-choice-for-data-science/,,,,,,,,,,,,,
25,62,https://insights.blackcoffer.com/how-google-fit-measure-heart-and-respiratory-rates-using-a-phone/,,,,,,,,,,,,,
26,63,https://insights.blackcoffer.com/what-is-the-future-of-mobile-apps/,,,,,,,,,,,,,
27,64,https://insights.blackcoffer.com/impact-of-ai-in-health-and-medicine/,,,,,,,,,,,,,
28,65,https://insights.blackcoffer.com/telemedicine-what-patients-like-and-dislike-about-it/,,,,,,,,,,,,,
29,66,https://insights.blackcoffer.com/how-we-forecast-future-technologies/,,,,,,,,,,,,,
30,67,https://insights.blackcoffer.com/can-robots-tackle-late-life-loneliness/,,,,,,,,,,,,,
31,68,https://insights.blackcoffer.com/embedding-care-robots-into-society-socio-technical-considerations/,,,,,,,,,,,,,
32,69,https://insights.blackcoffer.com/management-challenges-for-future-digitalization-of-healthcare-services/,,,,,,,,,,,,,
33,70,https://insights.blackcoffer.com/are-we-any-closer-to-preventing-a-nuclear-holocaust/,,,,,,,,,,,,,
34,71,https://insights.blackcoffer.com/will-technology-eliminate-the-need-for-animal-testing-in-drug-development/,,,,,,,,,,,,,
35,72,https://insights.blackcoffer.com/will-we-ever-understand-the-nature-of-consciousness/,,,,,,,,,,,,,
36,73,https://insights.blackcoffer.com/will-we-ever-colonize-outer-space/,,,,,,,,,,,,,
37,74,https://insights.blackcoffer.com/what-is-the-chance-homo-sapiens-will-survive-for-the-next-500-years/,,,,,,,,,,,,,
38,75,https://insights.blackcoffer.com/why-does-your-business-need-a-chatbot/,,,,,,,,,,,,,
39,76,https://insights.blackcoffer.com/how-you-lead-a-project-or-a-team-without-any-technical-expertise/,,,,,,,,,,,,,
40,77,https://insights.blackcoffer.com/can-you-be-great-leader-without-technical-expertise/,,,,,,,,,,,,,
41,78,https://insights.blackcoffer.com/how-does-artificial-intelligence-affect-the-environment/,,,,,,,,,,,,,
42,79,https://insights.blackcoffer.com/how-to-overcome-your-fear-of-making-mistakes-2/,,,,,,,,,,,,,
43,80,https://insights.blackcoffer.com/is-perfection-the-greatest-enemy-of-productivity/,,,,,,,,,,,,,
44,81,https://insights.blackcoffer.com/global-financial-crisis-2008-causes-effects-and-its-solution/,,,,,,,,,,,,,
45,82,https://insights.blackcoffer.com/gender-diversity-and-equality-in-the-tech-industry/,,,,,,,,,,,,,
46,83,https://insights.blackcoffer.com/how-to-overcome-your-fear-of-making-mistakes/,,,,,,,,,,,,,
47,84,https://insights.blackcoffer.com/how-small-business-can-survive-the-coronavirus-crisis/,,,,,,,,,,,,,
48,85,https://insights.blackcoffer.com/impacts-of-covid-19-on-vegetable-vendors-and-food-stalls/,,,,,,,,,,,,,
49,86,https://insights.blackcoffer.com/impacts-of-covid-19-on-vegetable-vendors/,,,,,,,,,,,,,
50,87,https://insights.blackcoffer.com/impact-of-covid-19-pandemic-on-tourism-aviation-industries/,,,,,,,,,,,,,
51,88,https://insights.blackcoffer.com/impact-of-covid-19-pandemic-on-sports-events-around-the-world/,,,,,,,,,,,,,
52,89,https://insights.blackcoffer.com/changing-landscape-and-emerging-trends-in-the-indian-it-ites-industry/,,,,,,,,,,,,,
53,90,https://insights.blackcoffer.com/online-gaming-adolescent-online-gaming-effects-demotivated-depression-musculoskeletal-and-psychosomatic-symptoms/,,,,,,,,,,,,,
54,91,https://insights.blackcoffer.com/human-rights-outlook/,,,,,,,,,,,,,
55,92,https://insights.blackcoffer.com/how-voice-search-makes-your-business-a-successful-business/,,,,,,,,,,,,,
56,93,https://insights.blackcoffer.com/how-the-covid-19-crisis-is-redefining-jobs-and-services/,,,,,,,,,,,,,
57,94,https://insights.blackcoffer.com/how-to-increase-social-media-engagement-for-marketers/,,,,,,,,,,,,,
58,95,https://insights.blackcoffer.com/impacts-of-covid-19-on-streets-sides-food-stalls/,,,,,,,,,,,,,
59,96,https://insights.blackcoffer.com/coronavirus-impact-on-energy-markets-2/,,,,,,,,,,,,,
60,97,https://insights.blackcoffer.com/coronavirus-impact-on-the-hospitality-industry-5/,,,,,,,,,,,,,
61,98,https://insights.blackcoffer.com/lessons-from-the-past-some-key-learnings-relevant-to-the-coronavirus-crisis-4/,,,,,,,,,,,,,
62,99,https://insights.blackcoffer.com/estimating-the-impact-of-covid-19-on-the-world-of-work-2/,,,,,,,,,,,,,
63,100,https://insights.blackcoffer.com/estimating-the-impact-of-covid-19-on-the-world-of-work-3/,,,,,,,,,,,,,
64,101,https://insights.blackcoffer.com/travel-and-tourism-outlook/,,,,,,,,,,,,,
65,102,https://insights.blackcoffer.com/gaming-disorder-and-effects-of-gaming-on-health/,,,,,,,,,,,,,
66,103,https://insights.blackcoffer.com/what-is-the-repercussion-of-the-environment-due-to-the-covid-19-pandemic-situation/,,,,,,,,,,,,,
67,104,https://insights.blackcoffer.com/what-is-the-repercussion-of-the-environment-due-to-the-covid-19-pandemic-situation-2/,,,,,,,,,,,,,
68,105,https://insights.blackcoffer.com/impact-of-covid-19-pandemic-on-office-space-and-co-working-industries/,,,,,,,,,,,,,
69,106,https://insights.blackcoffer.com/contribution-of-handicrafts-visual-arts-literature-in-the-indian-economy/,,,,,,,,,,,,,
70,107,https://insights.blackcoffer.com/how-covid-19-is-impacting-payment-preferences/,,,,,,,,,,,,,
71,108,https://insights.blackcoffer.com/how-will-covid-19-affect-the-world-of-work-2/,,,,,,,,,,,,,
72,109,https://insights.blackcoffer.com/lessons-from-the-past-some-key-learnings-relevant-to-the-coronavirus-crisis/,,,,,,,,,,,,,
73,110,https://insights.blackcoffer.com/covid-19-how-have-countries-been-responding/,,,,,,,,,,,,,
74,111,https://insights.blackcoffer.com/coronavirus-impact-on-the-hospitality-industry-2/,,,,,,,,,,,,,
75,112,https://insights.blackcoffer.com/how-will-covid-19-affect-the-world-of-work-3/,,,,,,,,,,,,,
76,113,https://insights.blackcoffer.com/coronavirus-impact-on-the-hospitality-industry-3/,,,,,,,,,,,,,
77,114,https://insights.blackcoffer.com/estimating-the-impact-of-covid-19-on-the-world-of-work/,,,,,,,,,,,,,
78,115,https://insights.blackcoffer.com/covid-19-how-have-countries-been-responding-2/,,,,,,,,,,,,,
79,116,https://insights.blackcoffer.com/how-will-covid-19-affect-the-world-of-work-4/,,,,,,,,,,,,,
80,117,https://insights.blackcoffer.com/lessons-from-the-past-some-key-learnings-relevant-to-the-coronavirus-crisis-2/,,,,,,,,,,,,,
81,118,https://insights.blackcoffer.com/lessons-from-the-past-some-key-learnings-relevant-to-the-coronavirus-crisis-3/,,,,,,,,,,,,,
82,119,https://insights.blackcoffer.com/coronavirus-impact-on-the-hospitality-industry-4/,,,,,,,,,,,,,
83,120,https://insights.blackcoffer.com/why-scams-like-nirav-modi-happen-with-indian-banks/,,,,,,,,,,,,,
84,121,https://insights.blackcoffer.com/impact-of-covid-19-on-the-global-economy/,,,,,,,,,,,,,
85,122,https://insights.blackcoffer.com/impact-of-covid-19coronavirus-on-the-indian-economy-2/,,,,,,,,,,,,,
86,123,https://insights.blackcoffer.com/impact-of-covid-19-on-the-global-economy-2/,,,,,,,,,,,,,
87,124,https://insights.blackcoffer.com/impact-of-covid-19-coronavirus-on-the-indian-economy-3/,,,,,,,,,,,,,
88,125,https://insights.blackcoffer.com/should-celebrities-be-allowed-to-join-politics/,,,,,,,,,,,,,
89,126,https://insights.blackcoffer.com/how-prepared-is-india-to-tackle-a-possible-covid-19-outbreak/,,,,,,,,,,,,,
90,127,https://insights.blackcoffer.com/how-will-covid-19-affect-the-world-of-work/,,,,,,,,,,,,,
91,128,https://insights.blackcoffer.com/controversy-as-a-marketing-strategy/,,,,,,,,,,,,,
92,129,https://insights.blackcoffer.com/coronavirus-impact-on-the-hospitality-industry/,,,,,,,,,,,,,
93,130,https://insights.blackcoffer.com/coronavirus-impact-on-energy-markets/,,,,,,,,,,,,,
94,131,https://insights.blackcoffer.com/what-are-the-key-policies-that-will-mitigate-the-impacts-of-covid-19-on-the-world-of-work/,,,,,,,,,,,,,
95,132,https://insights.blackcoffer.com/marketing-drives-results-with-a-focus-on-problems/,,,,,,,,,,,,,
96,133,https://insights.blackcoffer.com/continued-demand-for-sustainability/,,,,,,,,,,,,,
97,134,https://insights.blackcoffer.com/coronavirus-disease-covid-19-effect-the-impact-and-role-of-mass-media-during-the-pandemic/,,,,,,,,,,,,,
98,135,https://insights.blackcoffer.com/should-people-wear-fabric-gloves-seeking-evidence-regarding-the-differential-transfer-of-covid-19-or-coronaviruses-generally-between-surfaces/,,,,,,,,,,,,,
99,136,https://insights.blackcoffer.com/why-is-there-a-severe-immunological-and-inflammatory-explosion-in-those-affected-by-sarms-covid-19/,,,,,,,,,,,,,
100,137,https://insights.blackcoffer.com/what-do-you-think-is-the-lesson-or-lessons-to-be-learned-with-covid-19/,,,,,,,,,,,,,
101,138,https://insights.blackcoffer.com/coronavirus-the-unexpected-challenge-for-the-european-union/,,,,,,,,,,,,,
102,139,https://insights.blackcoffer.com/industrial-revolution-4-0-pros-and-cons/,,,,,,,,,,,,,
103,140,https://insights.blackcoffer.com/impact-of-covid-19-coronavirus-on-the-indian-economy/,,,,,,,,,,,,,
104,141,https://insights.blackcoffer.com/impact-of-covid-19-coronavirus-on-the-indian-economy-2/,,,,,,,,,,,,,
105,142,https://insights.blackcoffer.com/impact-of-covid-19coronavirus-on-the-indian-economy/,,,,,,,,,,,,,
106,143,https://insights.blackcoffer.com/impact-of-covid-19-coronavirus-on-the-global-economy/,,,,,,,,,,,,,
108,145,https://insights.blackcoffer.com/blockchain-in-fintech/,,,,,,,,,,,,,
109,146,https://insights.blackcoffer.com/blockchain-for-payments/,,,,,,,,,,,,,
110,147,https://insights.blackcoffer.com/the-future-of-investing/,,,,,,,,,,,,,
111,148,https://insights.blackcoffer.com/big-data-analytics-in-healthcare/,,,,,,,,,,,,,
112,149,https://insights.blackcoffer.com/business-analytics-in-the-healthcare-industry/,,,,,,,,,,,,,
113,150,https://insights.blackcoffer.com/challenges-and-opportunities-of-big-data-in-healthcare/,,,,,,,,,,,,,
